{"stat.damageDealt":20,"achievement.openInventory":8,"achievement.exploreAllBiomes":{"value":0,"progress":["Roofed Forest M","Forest","Extreme Hills+","Extreme Hills","Ocean","Birch Forest","Beach","Plains","Roofed Forest","Swampland M","River","Birch Forest Hills","ForestHills"]},"stat.fallOneCm":2801,"stat.flyOneCm":209668,"stat.drop":5,"stat.damageTaken":1285,"stat.useItem.383":1,"stat.playOneMinute":13758,"stat.diveOneCm":6569,"stat.deaths":1,"stat.jump":207,"stat.walkOneCm":50286,"stat.swimOneCm":4451,"stat.mobKills":1,"stat.entityKilledBy.Runner":1}